organization_name,organization_abbreviation,street,streetno,postalcode,city
Murazik and Sons,YSNQLY,Talmadge,5,07007,Santa Clara La Laguna
Wilkinson Inc,PPHVMX,Marcy,19167,,Dongkeng
"Morar, Bashirian and Hettinger",RZKWEZ,Linden,9630,52311,Ladhewāla Warāich
Russel Inc,IGPSPF,Clove,204,87250-000,Peabiru
"Towne, Leannon and Reynolds",KTSFVZ,Sachtjen,190,,Baruunturuun
Klocko-Padberg,FHVWRA,Melody,3,,Karanganyar
Leffler Group,HHKHHL,Continental,479,,Eshan
"Homenick, Kohler and Leannon",ASHUHP,Doe Crossing,0979,L9H,Sundre
Bruen-Schamberger,UXGHWU,Maple Wood,808,,Horad Smalyavichy
Hackett-Ebert,ITLTLA,Toban,645,993-0031,Izumi
Bins-Towne,DWFOBV,Bultman,99,399-8303,Hotaka
Gerhold Group,UARZSU,Merry,90,,Guabito
Lind-Konopelski,TOWGKZ,Almo,42,,Utara
Wehner and Sons,OUEGSW,Mockingbird,73071,606168,Vacha
Wisoky and Sons,FXLJBS,Hollow Ridge,1,249903,Pyatovskiy
"Kemmer, Davis and Hahn",XDHOOC,Hayes,1,524547,Aldana
"Nader, Conroy and Price",EXUSVD,Emmet,39,,Xiaoyangqi
Toy and Sons,RCOJXP,Onsgard,09,,Arys
Grant-Beier,LIYXHO,Katie,5014,,Kokar
Trantow and Sons,GMNMNT,Prairieview,71,,Ad Dīs ash Sharqīyah
Friesen Inc,XEDFDC,Quincy,0,1703,Ualog
Thompson Inc,MPKCBF,Oxford,5,40270,Ban Fang
Nikolaus Inc,YDDNMY,Evergreen,8106,347942,Taganrog
Prosacco Group,ERXHXW,Leroy,26803,,‘Abs
McClure-Boyer,ZZLZVO,Linden,796,131 46,Nacka
Kiehn Inc,AUYEGV,Luster,044,,Libei
Fritsch Inc,AGMGNT,Sachs,3883,,Molodizhne
Dicki-Marks,DLOXNK,Derek,650,5500,Romblon
"Stark, Shanahan and Pfannerstill",LTMCJM,Anhalt,68,6696,Williston
Gorczany and Sons,JGNRAX,Hauk,719,,Badagry
Keeling-Homenick,BAIWSZ,Caliangt,55,625504,Borovskiy
Wilkinson Group,STKETM,Reindahl,9079,,Sumber Tengah
"O'Kon, Kerluke and Connelly",ZZNPNJ,Forest Dale,05873,,Néos Oropós
Kris Group,YSOFOA,Maryland,93602,253608,San Francisco
Gorczany Inc,BBKUOF,Packers,58,,Banjar Batuaji Kaja
Kirlin LLC,JPXNYK,Talisman,50320,69239 CEDEX 02,Lyon
Stokes and Sons,TPKTDA,Hintze,85,,Shanghudi
Stehr-Ryan,SUDXLJ,Sheridan,14,,Smimou
"Renner, Bechtelar and Thompson",WEYOCT,Oxford,926,,San Ignacio de Velasco
"Quigley, Bechtelar and Auer",RJFDKL,Schlimgen,2870,584 22,Linköping
"Fritsch, Waelchi and Gutkowski",YGYUKI,Browning,483,45141,Essen
Mosciski-Stanton,JPVZJU,Thackeray,0037,,Nansha
Gorczany-Mann,MOCYCG,Hoard,2155,L-8273,Mamer
"Paucek, Mann and Vandervort",URXMIY,Dexter,16220,,Shengtang
McClure-Glover,FXKXUB,Redwing,499,8301,San Miguel
Tremblay and Sons,GIDVFS,Cardinal,0,,Baoshi
Shanahan-Olson,RYCYTM,John Wall,5,,Holoriang
Trantow and Sons,BZZWAQ,Pawling,18,14040 CEDEX 4,Caen
Beer and Sons,FQRRLP,Mockingbird,54,,Mingfeng
Keebler-Ruecker,YQGMYO,Sycamore,79,,Gemuruh
