program_name,program_ID
Mmlmifk,233
Dopcekp,328
Uemfbsj,406
Dldwazn,884
Vzoxbid,823
Nxzaetg,258
Zylwdee,608
Gzzsnzj,150
Ivymutk,282
Ovssahc,415
Qqxgnwr,750
Kxolkvt,648
Odkjlmp,946
Ysafmpm,758
Kuywaax,555
Fjrjqup,315
Hyvvugl,825
Luowtee,723
Itmrjeq,175
Niiwxul,373
Mnzyrxi,567
Pikkbmr,139
Faqazao,831
Yeyxmtt,427
Lctitnh,481
Vqakepz,331
Xnvxgxy,171
Xcqjvdj,865
Mezqxrt,91
Cafbxee,519
Uvdvboq,374
Adzwona,277
Glomiug,323
Qvzvbvb,977
Ceqhdpa,194
Zjqvriz,303
Efldvnp,541
Lijigyr,903
Qwsmonp,975
Njrpnoa,514
Wsniwdk,395
Rzgvmem,419
Cryjons,832
Mboqsdm,99
Nqbigft,183
Lphzyxo,640
Mmnglce,87
Htfogmj,327
Wrqngnb,95
Emblqex,375
