project_title,scientific_field_name
Zmlcqljqb,Gabapentin
Vknkwhvev,care one sore throat
Cxbyjjmym,Amlodipine Besylate
Oqvdflgkk,Carbidopa and Levodopa
Ktvezedqw,Fluocinolone Acetonide
Kjiqweyse,benzonatate
Gwxxoevdl,HairQ-Plus
Cieuxwyun,Tag Alder
Iuubyhtet,Quetiapine Fumarate
Lrynwhgje,Levetiracetam
Bpqrtffwq,Carbidopa and Levodopa
Tfyrlitma,Gabapentin
Qezlleliu,care one sore throat
Iuubyhtet,Levetiracetam
Gwxxoevdl,benzonatate
Ycwcphetv,Quetiapine Fumarate
Pfsrqhihe,Levetiracetam
Fuwantahl,HairQ-Plus
Wpnuhcvnh,benzonatate
Qbvzueqdg,Carbidopa and Levodopa
Hfunzwwdg,Amlodipine Besylate
Cieuxwyun,Fluocinolone Acetonide
Iuubyhtet,Amlodipine Besylate
Ojnvaebtr,Levetiracetam
Nerlpuxcu,Tag Alder
Mhkmkvnlm,Gabapentin
Zmlcqljqb,Amlodipine Besylate
Tfyrlitma,care one sore throat
Lrynwhgje,benzonatate
Ojnvaebtr,care one sore throat
Mpaxtkgvh,Fluocinolone Acetonide
Bpqrtffwq,HairQ-Plus
Gwxxoevdl,Gabapentin
Cxbyjjmym,Fluocinolone Acetonide
Oqvdflgkk,Amlodipine Besylate
Afyfvsfdh,care one sore throat
Cieuxwyun,Tag Alder
Hotfcjyds,HairQ-Plus
Zmlcqljqb,Fluocinolone Acetonide
Bpqrtffwq,Amlodipine Besylate
Cxbyjjmym,Quetiapine Fumarate
Iuubyhtet,benzonatate
Kjiqweyse,care one sore throat
Qbvzueqdg,Gabapentin
Scphslbep,HairQ-Plus
Urmhldqfs,Levetiracetam
Fuwantahl,Carbidopa and Levodopa
Wpnuhcvnh,Tag Alder
Pvyzmyqbq,Amlodipine Besylate
Oqvdflgkk,Levetiracetam
